seed,selected_threshold,calibration_clips,heldout_clips,calibration_accuracy,calibration_precision,calibration_recall,calibration_f1,calibration_fpr,calibration_tp,calibration_fp,calibration_tn,calibration_fn,calibration_frames,calibration_positive_frames,heldout_accuracy,heldout_precision,heldout_recall,heldout_f1,heldout_fpr,heldout_tp,heldout_fp,heldout_tn,heldout_fn,heldout_frames,heldout_positive_frames
2026,0.7,3 9 12 16 17 18 20 21 23 26,0 1 2 4 5 6 7 8 10 11 13 14 15 19 22 24 25 27 28 29,0.975,0.9,0.9,0.9,0.014285714285714285,27,3,207,3,240,30,0.9708333333333333,0.859375,0.9166666666666666,0.8870967741935484,0.02142857142857143,55,9,411,5,480,60
2027,0.7,0 1 2 6 7 10 12 13 24 29,3 4 5 8 9 11 14 15 16 17 18 19 20 21 22 23 25 26 27 28,0.975,0.875,0.9333333333333333,0.9032258064516129,0.01904761904761905,28,4,206,2,240,30,0.9708333333333333,0.8709677419354839,0.9,0.8852459016393444,0.01904761904761905,54,8,412,6,480,60
2028,0.7,5 11 13 14 15 18 20 21 22 25,0 1 2 3 4 6 7 8 9 10 12 16 17 19 23 24 26 27 28 29,0.9625,0.7837837837837838,0.9666666666666667,0.8656716417910447,0.0380952380952381,29,8,202,1,240,30,0.9770833333333333,0.9298245614035088,0.8833333333333333,0.905982905982906,0.009523809523809525,53,4,416,7,480,60
2029,0.7,0 3 9 10 12 16 20 26 28 29,1 2 4 5 6 7 8 11 13 14 15 17 18 19 21 22 23 24 25 27,0.9833333333333333,1.0,0.8666666666666667,0.9285714285714286,0.0,26,0,210,4,240,30,0.9666666666666667,0.8235294117647058,0.9333333333333333,0.8749999999999999,0.02857142857142857,56,12,408,4,480,60
2030,0.6,1 2 5 6 8 9 14 18 26 27,0 3 4 7 10 11 12 13 15 16 17 19 20 21 22 23 24 25 28 29,0.9916666666666667,0.9666666666666667,0.9666666666666667,0.9666666666666667,0.004761904761904762,29,1,209,1,240,30,0.9583333333333334,0.7941176470588235,0.9,0.84375,0.03333333333333333,54,14,406,6,480,60
2031,0.6,0 2 3 5 8 23 25 26 27 29,1 4 6 7 9 10 11 12 13 14 15 16 17 18 19 20 21 22 24 28,0.975,0.875,0.9333333333333333,0.9032258064516129,0.01904761904761905,28,4,206,2,240,30,0.9666666666666667,0.8333333333333334,0.9166666666666666,0.8730158730158729,0.02619047619047619,55,11,409,5,480,60
2032,0.7,0 1 2 6 7 12 16 17 19 29,3 4 5 8 9 10 11 13 14 15 18 20 21 22 23 24 25 26 27 28,0.9791666666666666,1.0,0.8333333333333334,0.9090909090909091,0.0,25,0,210,5,240,30,0.96875,0.8260869565217391,0.95,0.8837209302325583,0.02857142857142857,57,12,408,3,480,60
2033,0.7,2 7 8 16 17 20 21 24 27 29,0 1 3 4 5 6 9 10 11 12 13 14 15 18 19 22 23 25 26 28,0.95,0.8214285714285714,0.7666666666666667,0.793103448275862,0.023809523809523808,23,5,205,7,240,30,0.9833333333333333,0.8939393939393939,0.9833333333333333,0.9365079365079364,0.016666666666666666,59,7,413,1,480,60
2034,0.7,1 2 3 7 8 10 13 16 19 28,0 4 5 6 9 11 12 14 15 17 18 20 21 22 23 24 25 26 27 29,0.9791666666666666,0.9629629629629629,0.8666666666666667,0.912280701754386,0.004761904761904762,26,1,209,4,240,30,0.96875,0.835820895522388,0.9333333333333333,0.8818897637795275,0.02619047619047619,56,11,409,4,480,60
2035,0.7,3 8 11 13 15 18 19 22 23 29,0 1 2 4 5 6 7 9 10 12 14 16 17 20 21 24 25 26 27 28,0.9708333333333333,0.8484848484848485,0.9333333333333333,0.888888888888889,0.023809523809523808,28,5,205,2,240,30,0.9729166666666667,0.8852459016393442,0.9,0.8925619834710743,0.016666666666666666,54,7,413,6,480,60
2036,0.7,2 3 5 6 9 16 18 24 25 29,0 1 4 7 8 10 11 12 13 14 15 17 19 20 21 22 23 26 27 28,0.9625,0.8387096774193549,0.8666666666666667,0.8524590163934426,0.023809523809523808,26,5,205,4,240,30,0.9770833333333333,0.8888888888888888,0.9333333333333333,0.9105691056910569,0.016666666666666666,56,7,413,4,480,60
2037,0.7,9 11 12 15 17 18 21 22 23 27,0 1 2 3 4 5 6 7 8 10 13 14 16 19 20 24 25 26 28 29,0.9625,0.8181818181818182,0.9,0.8571428571428572,0.02857142857142857,27,6,204,3,240,30,0.9770833333333333,0.9016393442622951,0.9166666666666666,0.9090909090909091,0.014285714285714285,55,6,414,5,480,60
2038,0.7,1 2 4 9 10 11 17 20 21 25,0 3 5 6 7 8 12 13 14 15 16 18 19 22 23 24 26 27 28 29,0.9791666666666666,0.8787878787878788,0.9666666666666667,0.9206349206349207,0.01904761904761905,29,4,206,1,240,30,0.96875,0.8688524590163934,0.8833333333333333,0.8760330578512396,0.01904761904761905,53,8,412,7,480,60
2039,0.7,4 9 11 12 16 19 20 24 26 29,0 1 2 3 5 6 7 8 10 13 14 15 17 18 21 22 23 25 27 28,0.9666666666666667,0.8928571428571429,0.8333333333333334,0.8620689655172413,0.014285714285714285,25,3,207,5,240,30,0.975,0.8636363636363636,0.95,0.9047619047619048,0.02142857142857143,57,9,411,3,480,60
2040,0.6,0 3 6 8 10 12 16 24 26 27,1 2 4 5 7 9 11 13 14 15 17 18 19 20 21 22 23 25 28 29,0.9666666666666667,0.8666666666666667,0.8666666666666667,0.8666666666666667,0.01904761904761905,26,4,206,4,240,30,0.9708333333333333,0.8382352941176471,0.95,0.890625,0.02619047619047619,57,11,409,3,480,60
2041,0.7,2 3 4 7 8 16 18 25 26 29,0 1 5 6 9 10 11 12 13 14 15 17 19 20 21 22 23 24 27 28,0.9708333333333333,0.9259259259259259,0.8333333333333334,0.8771929824561403,0.009523809523809525,25,2,208,5,240,30,0.9729166666666667,0.8507462686567164,0.95,0.8976377952755905,0.023809523809523808,57,10,410,3,480,60
2042,0.7,6 8 10 11 14 15 16 21 22 24,0 1 2 3 4 5 7 9 12 13 17 18 19 20 23 25 26 27 28 29,0.95,0.7647058823529411,0.8666666666666667,0.8125,0.0380952380952381,26,8,202,4,240,30,0.9833333333333333,0.9333333333333333,0.9333333333333333,0.9333333333333333,0.009523809523809525,56,4,416,4,480,60
2043,0.7,0 1 2 9 10 11 18 20 26 29,3 4 5 6 7 8 12 13 14 15 16 17 19 21 22 23 24 25 27 28,0.9916666666666667,1.0,0.9333333333333333,0.9655172413793104,0.0,28,0,210,2,240,30,0.9625,0.8181818181818182,0.9,0.8571428571428572,0.02857142857142857,54,12,408,6,480,60
2044,0.7,0 5 6 9 14 19 21 23 24 28,1 2 3 4 7 8 10 11 12 13 15 16 17 18 20 22 25 26 27 29,0.975,0.8333333333333334,1.0,0.9090909090909091,0.02857142857142857,30,6,204,0,240,30,0.9708333333333333,0.896551724137931,0.8666666666666667,0.8813559322033899,0.014285714285714285,52,6,414,8,480,60
2045,0.7,0 1 4 13 16 19 22 26 27 29,2 3 5 6 7 8 9 10 11 12 14 15 17 18 20 21 23 24 25 28,0.9583333333333334,0.8571428571428571,0.8,0.8275862068965518,0.01904761904761905,24,4,206,6,240,30,0.9791666666666666,0.8787878787878788,0.9666666666666667,0.9206349206349207,0.01904761904761905,58,8,412,2,480,60
