"Path","SHA256","Bytes"
".gitattributes","9200B64105824BDAB3D64C54AD6748A3BD99B4949265073F74132DA19E243499","108"
".gitignore","EA92CB7340541255B2D2C1954B8DD2E047BF399949F4660B6B276CEFA63D4615","109"
"AUTHOR_METADATA.md","3B511067A1864CC28EF1D9646F6E3EB2E1A83C63D932B775A51E459914CA5253","862"
"code/.gitignore","6E8517355101D1D404B6ECDF81A42B7DE56D668A1B163F80CDF64C1FC580B31E","861"
"code/CITATION.cff","902A96281B2E9A3AEF1A423F524A603071E01F900394FFC9F82A704BC72E8BAD","790"
"code/configs/attacks/fgsm.yaml","13CC5A8C90837B19EEBD5CCA0EA36D306D1199EACE84CB320181ACC21CB2A48B","100"
"code/configs/attacks/pgd.yaml","7058B1A7FEB62A710C4F8A71DA152391A4B0B9A14C9E217DE3942416CB1C6469","147"
"code/configs/attacks/physical.yaml","3E64FE4A9ED0A930C08D98530AE1D3B9A0148097C0F49CD1B4F9B48CEFA0E8A3","278"
"code/configs/datasets/advtraffic26.yaml","B55F4DF7F847AC1143DD834D78442FEBEF5BD9D46F00C27833E3A6D29B772E6C","174"
"code/configs/datasets/bdd100k.yaml","FD94729630FDF4C0D36338F0AFF876D7AFC44D67C727D25A76273E1CBDA72978","220"
"code/configs/datasets/helmet.yaml","0935B05ADC07C00D11D3119494C62655B058B41DCF4BE6034F79AB8214698297","122"
"code/configs/experiments/full_benchmark.yaml","09A9B83B788C8664BE3F2FA85F0C0DD45708EEA1059AF559EAC91FCC34343B45","1051"
"code/configs/experiments/tcvm_yolov8n.yaml","6E3420936BE90798BF72F28062457C749E70C10CDF3B95905D311226D16A3C6D","802"
"code/docs/methodology.md","5E54286B900C0FA6EE229B7AEFF0E9CA3BEC6D4825C4932B888A4634A1125547","2149"
"code/docs/physical_world_validation_protocol.md","80D34BFC9815B8A1150FDB44DB2994154F1E91E0D3B1FD5684B9FCD0154443E6","3526"
"code/docs/presentation_walkthrough.md","6CA1FA82F6DBEB75F39EDDCE903C83E208004683CC490E6ED5E9D4C294ACAC46","3533"
"code/docs/quick_start.md","9CD9EA66A15AE6916F7CB0451760B67D43DFFCB4834C864878FB09DFAC180F34","2689"
"code/docs/reproducibility_checklist.md","09BA1267435FF070BFFEFA5C5DBD6D3847A4EBC367536EABCDC5504DC828BB26","1904"
"code/environment.yml","38D8791E44EDD051BFC48320CDEE2FECAF5115257B853307EAEA7204F52FCB78","443"
"code/LICENSE","DDD80642CCECCC6E12406D6443E803294AD52B5111A06F35D1FEE7AA5C366FAD","1073"
"code/outputs/figures/ablation_chart.pdf","D0D921C2598B800F3D290693AB7ADC7E0685D096AF4899C72B10A2A1B3567471","28380"
"code/outputs/figures/ablation_chart.png","E5726DB6562AD3F87609817B185B6E3435E04140F3F06694028805CC02A4F2D0","128995"
"code/outputs/figures/advtrain_comparison.pdf","E72784D3A98157B4F9F5A3F932C8C6ACFEF3942F314A3536DCE64BCD01094AA5","32019"
"code/outputs/figures/advtrain_comparison.png","7E6E196C972D41E7666BBD3F09D53898D96E74FAFF390DE9EBED25E85EAB4B4B","70815"
"code/outputs/figures/architecture_graphviz.png","FE7DFFA42343CA4A98F6CDFC214ED68094134AE2C684F5ECD3F1ADAE998C03EE","311459"
"code/outputs/figures/attack_gallery.pdf","E4A012910576BA21ACA6085707DFBEE37B0FAD624FAF528B18B51C1CF31F84D3","618175"
"code/outputs/figures/attack_gallery.png","ADC6773AC559F4C91AECE6F508996DA7CDC0D405BF4DD6A4CDCD094B7DC4641F","2607717"
"code/outputs/figures/attack_success_rate.pdf","64F3B00CBB1F5F894CDAA1ACF7C9BFAF2EDB49CE8FEAB565FDED115BBE6C9254","26847"
"code/outputs/figures/attack_success_rate.png","6A5D3C2C9C575447FEC4ABE921FAB8410ACE177CEC4E4D2527EDB79636841D7D","61683"
"code/outputs/figures/fps_robustness_tradeoff.pdf","E057CAF43A3D99126B6EC580889824B5B2C92EC07C3C407394683BC327833C25","28426"
"code/outputs/figures/fps_robustness_tradeoff.png","B7892A66B06713C06406C2578000D1B5EB2658F14F04EA810B21BEE3E305A3B2","75856"
"code/outputs/figures/gradcam_comparison.pdf","4CA3C9AA9DC35F980AE3063AC5E03C89A0BAA53CB4FBAB3C7E65331B52D4D23C","264093"
"code/outputs/figures/gradcam_comparison.png","3D99EC0900732D5A2250BDD0148CD4E21B8670F6B2B72577B5417F3E93587657","1054853"
"code/outputs/figures/gradcam_reflective_probe/gradcam_attacked.png","BE51EBA8762777E695664811683CA104EC0AD86E290ACA0169FEEF526FEA4D21","300971"
"code/outputs/figures/gradcam_reflective_probe/gradcam_clean.png","5FBCC37F317542707C416DA65752AD7826D5EAE7CCA09FE9ED6EF10F504BBC6D","295534"
"code/outputs/figures/gradcam_reflective_probe/gradcam_comparison.pdf","4CA3C9AA9DC35F980AE3063AC5E03C89A0BAA53CB4FBAB3C7E65331B52D4D23C","264093"
"code/outputs/figures/gradcam_reflective_probe/gradcam_comparison.png","3D99EC0900732D5A2250BDD0148CD4E21B8670F6B2B72577B5417F3E93587657","1054853"
"code/outputs/figures/public_helmet_multiclip_gallery.pdf","2ADA096CFABA765088EFF2FF626096619170C020B8F1C5A705857793D94CE88B","2889609"
"code/outputs/figures/public_helmet_multiclip_gallery.png","AD6EBB899CDF15827C9C1CE6119DC5B24B5A805A1EEB1B5CABCF097B073BCDB9","3061232"
"code/outputs/figures/public_helmet_multiclip10_gallery.pdf","5E4714BE01B568BECAE33387AD5194AF4661510DA8C1F2DC127E6B23CC0AE0C6","2889609"
"code/outputs/figures/public_helmet_multiclip10_gallery.png","AD6EBB899CDF15827C9C1CE6119DC5B24B5A805A1EEB1B5CABCF097B073BCDB9","3061232"
"code/outputs/figures/public_helmet_pilot_gallery.pdf","18B80AEA314FA5F489B9E13C6D95AF807F9E64E76E52A76884295557C6EFCD2D","2604861"
"code/outputs/figures/public_helmet_pilot_gallery.png","0650FDA534AC577DC84C93B40EDE4EB1C8BE1C8B157F9A9E1B05518DE066E52A","2744520"
"code/outputs/figures/public_helmet_yolov8_patch_gallery.pdf","03FAE7AA17608920A4EA7316765E56D2B0B30374921D2886B05DACB701392AF9","3009431"
"code/outputs/figures/public_helmet_yolov8_patch_gallery.png","BF553F352709BE9CDE8371686671FAEE9B696096D22036E3A5E5E9EF65995BF0","3185887"
"code/outputs/figures/robustness_comparison.pdf","9DFEC6CC24E09790CDFCCC056A66B820011BCE7C60942D8B2DEBC4378BFE2516","30580"
"code/outputs/figures/robustness_comparison.png","ADE33D57BD1BB1602B1AC8EAA4727250EB3A56037C30618FFD55A40176A73199","64529"
"code/outputs/figures/tcvm_threshold_sensitivity_public_helmet_multiclip20.pdf","950200CB7575FE7C08719DE6780BC3A55757BD032D5939AB37AF6EA40C0A548F","30877"
"code/outputs/figures/tcvm_threshold_sensitivity_public_helmet_multiclip20.png","5DA609C66E39EDEAFCD50E2577C31C1B808BC9D1E12A9DCE870C5A571B6AB559","182376"
"code/outputs/figures/temporal_confidence_public_helmet_multiclip.pdf","977E3350E9BF022B24C2D3F2E04CB8763721F2DC04C4D15D66072EDBFEED713E","33489"
"code/outputs/figures/temporal_confidence_public_helmet_multiclip.png","5702239A54FCEA716565B1DD0B2398340BF4DCA079728BDFF5CB6643E81D9202","202764"
"code/outputs/figures/temporal_confidence_public_helmet_multiclip10.pdf","ECE02AF97CAE69574B2EA876C87C98437D87259FB175CDDCA7CD5EB529653D22","36771"
"code/outputs/figures/temporal_confidence_public_helmet_multiclip10.png","887B274D4EC1496385B2C560423E0223CDE7FD601028D460245D0CDA959EB75A","239695"
"code/outputs/figures/temporal_confidence_public_helmet_multiclip20.pdf","B8695A6CE7FA3632E18B48EF1502720EC315733FE45986AA754E1676BE80B472","42124"
"code/outputs/figures/temporal_confidence_public_helmet_multiclip20.png","3F39ACA5B93CB30D97DE7E9808C19209196C58B5F73286D4A49EAF630F3BF05E","284701"
"code/outputs/figures/temporal_confidence_public_helmet_pilot.pdf","F971756463B1238DCFAB4A081C58CC7C1785451BA6EDB0D7AA8579BD41D35BC2","32031"
"code/outputs/figures/temporal_confidence_public_helmet_pilot.png","2B521CAA3B0DF10E7B83F84A80505A8F6060D410BCE154286435C457DF81CD85","122372"
"code/outputs/figures/temporal_confidence_real_video_reflective.pdf","6B5E0871140BADE99E0D85C782EAD4A9A682D69AE419D64EC40E3E5A9BFD07A6","31653"
"code/outputs/figures/temporal_confidence_real_video_reflective.png","EF5A1D9C040EEB842EF98D4CBF264A79AD5ADC306BD2F7D31379DB65551EAAB0","168526"
"code/outputs/figures/temporal_confidence_reflective_probe.pdf","F3BC8F88C04230462F01DD436E9E485B4689C0D2545891198332CB935E2F68F5","29953"
"code/outputs/figures/temporal_confidence_reflective_probe.png","55685B7518C6B7E136353BFFF4B26E4AD0A48659C1B19B68564F265223F1CB74","97269"
"code/outputs/results_50_complete_v2/crossattack_temporal_baselines_frozen.csv","C05CC27287C2B20E4CBD6332C8F21E8C8C491C150347FA83E6F7C3BBB4B8311A","1879"
"code/outputs/results_50_complete_v2/crossattack_temporal_baselines_frozen.json","ED788D0D88E0849C0771BFF3575CFFB7FB58F07C1D23208BFEA874074546F4D3","5846"
"code/outputs/results_50_complete_v2/tcvm_repeated_split_sensitivity_20.csv","9815244DB9F885151B6C09248CD9A4B6EE04BA95772586DF7EC4DD11FDBC7DF0","6247"
"code/outputs/results_50_complete_v2/tcvm_repeated_split_sensitivity_20.json","9E931757C8A2D75332DD6638EF41D105396170D0D012D4116275F411A192211E","1528"
"code/outputs/results_50_complete/ablations_public_helmet_multiclip/ablation_summary.csv","72AF5DBC53B0D8115FB5F55B3AEB7C97653526D0B67E7D798A4FAFCA5D6B7930","1319"
"code/outputs/results_50_complete/ablations_public_helmet_multiclip/ablation_summary.json","858342D3D10AF01BEF95E03BF273D6AF53805667A7F9275EF0794B0D65145B35","3029"
"code/outputs/results_50_complete/ablations_public_helmet_multiclip10/ablation_summary.csv","BFFD6C00E70089A9CCD916AEDA189AD5E5DADF15ACC7E6E3C638B11737C425FB","1339"
"code/outputs/results_50_complete/ablations_public_helmet_multiclip10/ablation_summary.json","D525EFC067FB669537996A4E2968ABAD78C6B50627209D8B864E86F827C683FF","3049"
"code/outputs/results_50_complete/ablations_public_helmet_multiclip20/ablation_summary.csv","A23D9931EC02FD9DE198418E374063EE11D7F0867B48381504D1CD320FF8A3FE","1312"
"code/outputs/results_50_complete/ablations_public_helmet_multiclip20/ablation_summary.json","2E273C4744C613982A1078014AC8A21B8FDFE2F97B66EEB54EB4B5BA74E360B9","3022"
"code/outputs/results_50_complete/ablations_reflective_probe/ablation_summary.csv","F82F88D03AAE0C8F9D5DF596C6342592C879E239D822E22B71261F5512B54FBB","1133"
"code/outputs/results_50_complete/ablations_reflective_probe/ablation_summary.json","32A01D24BD6BEE6100B341D9B49BAF284C5EBAFBC3843B720047B9CBDEED7317","2843"
"code/outputs/results_50_complete/adav_style_public_helmet20_thr060/adav_frame_metrics.csv","FF8F9EB016CB8EA557446A9C43FFF7D1AEA275751285639B9653DE339F65E40B","92421"
"code/outputs/results_50_complete/adav_style_public_helmet20_thr060/adav_summary.json","6D546D4074B58562E0F92276AD11681E845231E06228DCE438DBECD61F420708","774"
"code/outputs/results_50_complete/adav_style_public_helmet20_thr070/adav_frame_metrics.csv","4B0D9099748321A838405E1EE1521FC4F254645205508A929FABDA6E3B8D93EE","92748"
"code/outputs/results_50_complete/adav_style_public_helmet20_thr070/adav_summary.json","A9EC1B2A8AEC4938CD922511653E15BD896285163E60C170DC6E8695C03E87ED","774"
"code/outputs/results_50_complete/adav_style_public_helmet20_thr075/adav_frame_metrics.csv","883A76A013AD30B1D5C8865F8F360E8A68ADB30BF5E8E14CFB86AFE069E4CB3D","92583"
"code/outputs/results_50_complete/adav_style_public_helmet20_thr075/adav_summary.json","FEF317B3EE0D9342F8BBE46A4D0B08BAD6F9EFAA9241F0909CB2A23464FA0747","746"
"code/outputs/results_50_complete/adav_style_public_helmet20_thr080/adav_frame_metrics.csv","71E7496BE1186BD2940B891216B10FDF905C2A569B3D18E91B6B816AC6E9078E","92597"
"code/outputs/results_50_complete/adav_style_public_helmet20_thr080/adav_summary.json","3E92AAD8E114C733F686E6665BB6326D53D4EE8F46E5965218CFE64560C5C0EE","763"
"code/outputs/results_50_complete/adav_style_public_helmet20_thr085/adav_frame_metrics.csv","9A5E29746722B8A51BC6526F27F32550682D24CD171FFC8DBC235DB467607218","92770"
"code/outputs/results_50_complete/adav_style_public_helmet20_thr085/adav_summary.json","77D30455D067B20B9D4A32A1F96A8A597AA68319BF2A720E6A6E5F1456C5C9D7","760"
"code/outputs/results_50_complete/adav_style_public_helmet20/adav_frame_metrics.csv","23E772A8EF83B157C0C16E647A8A9E8DB5A2C5A22CFDE96FA0AC2C90B607E5FC","92562"
"code/outputs/results_50_complete/adav_style_public_helmet20/adav_summary.json","E93C20A7CF30072FCA2AAB3BC4BC56ABC80ADFF2B00D5FA1A99B79006A32E360","776"
"code/outputs/results_50_complete/adav_style_real_video_reflective_thr010_allclasses/adav_frame_metrics.csv","EA5F14198F2A63C834B1DD923A9DED1948DFE083377F5452749054D8A054A32C","12921"
"code/outputs/results_50_complete/adav_style_real_video_reflective_thr010_allclasses/adav_summary.json","0D61FEE877417D795090B9DAD9810A25E8443A9E9AEF0120FA5A06C5121C05AE","741"
"code/outputs/results_50_complete/adav_style_real_video_reflective_thr045_allclasses/adav_frame_metrics.csv","BC5F771D6876EB10A0875E25470BF2177997D35091F9FB441EF2988527855C46","13922"
"code/outputs/results_50_complete/adav_style_real_video_reflective_thr045_allclasses/adav_summary.json","1FCECCD4157917E9B3DC45CD5B4B7613C58C9ADCB84839318BC71C695D79F76D","704"
"code/outputs/results_50_complete/adav_style_real_video_reflective_thr045/adav_frame_metrics.csv","A697A7847DF7D85712E889D777CF2405B12278D46DA6642C7F592C7BBC6CE0CC","13869"
"code/outputs/results_50_complete/adav_style_real_video_reflective_thr045/adav_summary.json","667DADEF40AC191340781846D4CA957E64AF7161D47EA8783DEA77CBA0E1D5F8","715"
"code/outputs/results_50_complete/adav_style_reference_summary.csv","33E58172F7A4E9216F11B0A702099D315B50BAD0F241A1AE9A7367F829D23077","1465"
"code/outputs/results_50_complete/attack_asr_bootstrap_ci.csv","DAA45A1F084C8DB1A3DA311FD5FF963271BDF81BAC8DDC25AA0549B3649EB2C0","635"
"code/outputs/results_50_complete/clean_matched_eval.yaml","1A2C3C71ECDF791A9B34A12B500DA557B27F9C7AE8DBD46B9BE2B486D5E89D1E","171"
"code/outputs/results_50_complete/clean_matched_images.txt","DA8A31CF9BE48D9764CF1FE3EE15312647870E49CECFEDDB469A2CEDD840DE5B","2745"
"code/outputs/results_50_complete/edge_benchmark_reflective_probe.json","150B0046B06FC9B693CA72B57CE5E13115305F54F16E6F39B5CEF63131F9A85F","1142"
"code/outputs/results_50_complete/public_helmet_expansion_decision.csv","1A1BC23C340B31073D675333DC4B1C879A8A48DDFD1CAAD2140EF343D78AA685","1146"
"code/outputs/results_50_complete/public_helmet_multiclip_summary.csv","B3B46FFB7A66C7ADFA170F4941C8E61F919CCAA256157361985E416B7C207DA7","398"
"code/outputs/results_50_complete/public_helmet_multiclip10_summary.csv","DD7F75AF51571FC0DE43326968C580FBA36AAC776F41E31D040DCD2CB71B0730","393"
"code/outputs/results_50_complete/public_helmet_multiclip20_summary.csv","3C42DCFDD40F513F9D763958EEC7782E533FECD5B4FE32E66FE658F8A15C5F09","376"
"code/outputs/results_50_complete/public_helmet_multiclip25_summary.csv","3BC52ED15439495CC42A799591CF640F266B697EFEB3AA303A472C2A96F6D93F","377"
"code/outputs/results_50_complete/public_helmet_multiclip30_calibrated_summary.csv","5587A9FD594C2D4FB645EB9BA380FD4EFE7C0CF3DA4E78AF2264E76A926C2D09","375"
"code/outputs/results_50_complete/public_helmet_multiclip30_summary.csv","4619012620983C90C7BF36AF8EBECCE55FCADD893253B9029DFA0531BE65AAC8","376"
"code/outputs/results_50_complete/public_helmet_pilot_summary.csv","C4611AEE96F52682D85FDD76D795D7B46C66075DC8ABFDA538B8086406E110F3","390"
"code/outputs/results_50_complete/reference_consistency_baseline/frame_scores.csv","4635FC035AE21B753499ABEB44B4CE2E8C517B44C47F6ADEDE1564F521AAD3BD","51804"
"code/outputs/results_50_complete/reference_consistency_baseline/reference_consistency_summary.csv","E4C59E651D3F7F9E6FA9A334A92B0B93FBC1F7B4C82219BD3C601472554F06AE","2577"
"code/outputs/results_50_complete/robustness_summary.csv","AEB52AA64CF9A75974428E9AF07E33DF61BFFDC516B56B0793F4912156773982","2398"
"code/outputs/results_50_complete/robustness_summary.json","4EB51AEA915F07B2B0F3F3B9C8A70C9B34F23FB9F6C32F9FA91FAB4839D63554","5515"
"code/outputs/results_50_complete/tcvm_calibration_protocol_public_helmet30.csv","9A84689AB4D243A34733232EEB950B05908DC661F56A64002628FD51F8B5F677","6592"
"code/outputs/results_50_complete/tcvm_calibration_protocol_public_helmet30.json","CA09A32EB3B8E4BB4CD0F4ED036348FD1C153D503517E0DA183335E319B30DFB","2544"
"code/outputs/results_50_complete/tcvm_overhead_profile_public_helmet10.csv","29B7BACB0927BCBC366B9691A85A41E209D0378B29D80935F4B908D6F94DAB4E","527"
"code/outputs/results_50_complete/tcvm_overhead_profile_public_helmet10.json","C2390151359AA9240A9280B88B2670C86C9791305E2D6B7255C22C985A9ADFE4","1272"
"code/outputs/results_50_complete/tcvm_speed_modes_public_helmet10.csv","7F11E56F5501BA43FBB432687C44600C83FB1FE00D6D4FB1F6BCBA977CD97D9F","526"
"code/outputs/results_50_complete/tcvm_threshold_sensitivity_public_helmet_multiclip10.csv","A3735575A955C3791C0E32626D3DFAA9EEE83B3513855A9770E1C549C4102826","557"
"code/outputs/results_50_complete/tcvm_threshold_sensitivity_public_helmet_multiclip20.csv","60E2FECE670CCD7B2395E6F39BA048AFD504A41AF7A7F061DCF26FD7D8A7E387","1094"
"code/outputs/results_50_complete/yolov8_patch_public_summary.csv","957300F028B13D43C3E9D6F9F911CCAF54BA2C17D19FDE6B8B7DA26920973C68","607"
"code/outputs/results_50_complete/yolov8s_transfer_clean_public/frame_metrics.csv","A7F3467E76FF2CE94EB15F35DE8F8CC67632A6E8F20715032136FDAEEEAA2E09","16335"
"code/outputs/results_50_complete/yolov8s_transfer_clean_public/metrics.json","5ADE84562CDC5F4009BF7A3C43B8278A2105F08658BBC3071C09AC6889FE397F","443"
"code/outputs/results_50_complete/yolov8s_transfer_patch_public/frame_metrics.csv","BFA22A8A768F34609A22EB4197A5563B23E935BE426032BC1AA11DA4C828B9BB","17416"
"code/outputs/results_50_complete/yolov8s_transfer_patch_public/metrics.json","71A0BF39A22DFD3C6EE70E3108433E74CB39B2B48FC30E38F50FB6FA48BE29E5","453"
"code/pyproject.toml","49FB4FF634E018D911BB02965A55A76ACD2BFFB548B3016EE47101CD475647AC","925"
"code/README.md","D26871954007D8152E86FC9C8645BB9D069EA1553CDD24BC0CFFD21512984668","13083"
"code/requirements.txt","01403DA4975B2B5874AF2EF5FE8D2E56EFB62454B7F2DB9C838CE78B17EDC021","394"
"code/scripts/attacks/optimize_yolov8_patch.py","A8CAEC1159910FE050368750E73F0787828D46C8CD1D0515C96F640D2044EEF0","10227"
"code/scripts/attacks/run_all_attacks.py","CA3F1B144892877A05ABED3FF05622DE7040FD48070F865711DC1372F0758067","1433"
"code/scripts/attacks/run_attack.py","DCFEA1C768981FF5ACC6D0BA35FA5FEB835C3C0DF4FDA05C7836E827EF825016","10458"
"code/scripts/benchmark_edge.py","1D8EF7634B9570E710F1A85C7950375EA19C58B87AF66D93DE448346C2E8AF04","1658"
"code/scripts/benchmark/adav_style_baseline.py","FDF13C22281090733AD96C5ED68B6317CFC189E2046703C98B02AECD59D7DD3A","8911"
"code/scripts/benchmark/apply_image_only_defense.py","21AEA372E6F3DBA23A15846533BF49D810F14490951ADD99E8B2F1D1FF99FEEF","1478"
"code/scripts/benchmark/benchmark_robustness.py","7C7C7E96373AC1EE6DC5FBA80B03065A550D4C25EF5C18FB119E1E49A622BAB7","8322"
"code/scripts/benchmark/benchmark_sequence_detector.py","1D511E28D6A7D27633BE9E785F12CD82BA0B1508ED452C147157D631F56C78DC","3018"
"code/scripts/benchmark/benchmark_tcvm.py","786F2FCA86B621C5E2038AAC64D112488B0BB9CC035676915DF738AF418F6A56","7106"
"code/scripts/benchmark/bootstrap_attack_ci.py","DF1B18F3CB4EB1857C65A24C5639C4EC75BCA219B37CCF60C62A1BA22FDA0587","3849"
"code/scripts/benchmark/calibrate_tcvm_threshold.py","E0B369AB1B343A6C37FF32FE75ECB59F3E3CB6EB1B1C3B691AFD95B551C6F0B9","11860"
"code/scripts/benchmark/edge_benchmark.py","EA4180924DA72CE876FB439ED20EBD6CFF351EC3439FDCCA3FCE7D3821DD1AC3","3920"
"code/scripts/benchmark/profile_tcvm_overhead.py","F9FA6CB8A80B8AA77DABDCFACA9080ABBD46AA5FB9B6F1483334EC537208168D","7405"
"code/scripts/benchmark/reference_consistency_baseline.py","1D476059E12A4CBED3EF74C9D989F718240A1C9F7077AE8F557FE8ED73C17371","4330"
"code/scripts/benchmark/repeat_split_sensitivity.py","E8E5EAE132C763BBDA87AAA09F5E5867C1E13962E4F60220B88DC9459E6E6DFC","6430"
"code/scripts/benchmark/run_ablation.py","F405A202FCD52DFC067AD78C0F45FDF5855C3C670A36A425EB6929E56C8F041C","8675"
"code/scripts/benchmark/summarize_crossattack_temporal_baselines.py","8DF3936A0D45008F3F95D0933F88B20C9E4817EA548F3BFE702011C2E4851697","5919"
"code/scripts/benchmark/summarize_detector_patch.py","185BDBE9489D15C0BF4E82E6C0C47AB97257BA8B2BC6C0A31288DBF4CC2A04B4","3795"
"code/scripts/benchmark/summarize_public_crossattack.py","F3F74F6DB171C78646A79828BB88D0B870B39118A07AB0EE4F5710196587643B","6685"
"code/scripts/benchmark/summarize_public_pilot.py","83305FC13AADFAAC89ED93387EEFE42BE912A1D1B66C6BF672E155340FA0A618","3189"
"code/scripts/benchmark/summarize_tcvm_speed_modes.py","2A7547CE166E8E5BC81D121117B8A3075FD0197B24435B2E68CEEF950D3416A3","2814"
"code/scripts/benchmark/threshold_sensitivity.py","B91365AD5ABA4A8D1C0F82E8EA33FA9307AE1594202BA16BAD3DFB12DA604E68","5161"
"code/scripts/benchmark/validate_publication_outputs.py","D3F7D3918D9BAF8E7B0500B3CF33B0EDC1258AB9B0BD05BFEA9EA69D4AF88F31","3762"
"code/scripts/dataset/analyze_bdd100k_fast.py","8B2213BF1796C2BE96DDE3AA384182E2071DBAD644B3E4DE2D97D9487BBE97D6","9999"
"code/scripts/dataset/analyze_yolo_dataset.py","BA486B6FB1950EA00B2B1BA1ED9986BB310B86CBEB7F2CC61B78BCC461538BB8","8781"
"code/scripts/dataset/build_temporal_probe.py","D718958FDEEDEBC194BDD91DED02DDDF55C116B77A59E28D6F5A7C5890C191CB","4465"
"code/scripts/dataset/build_video_attack_sequence.py","AFE979F0B19C745D547CAC91BFED1821FC1006D75B114529FB0AAD073E0A708B","5806"
"code/scripts/dataset/extract_video_frames.py","EFBFF619A3E6875E5DA60BBAB8B1A9717B18F2E1B3A06FD32DDB69AB61C286F5","2272"
"code/scripts/dataset/generate_advtraffic26.py","6422895E7330DAF5771D6FBD83ED9A834386B2300C7483310FB52CB54018AFE4","1989"
"code/scripts/dataset/prepare_bdd100k.py","6680202F085D19017C7FCF205DABE518D1E3F561A80C51F2B38B8897458D9667","3033"
"code/scripts/dataset/prepare_helmet_dataset.py","BBDDE2CB67504C2B8326080EE906D7407A12CE5D5922CA470A7DE69AE7D8D2EE","4227"
"code/scripts/dataset/prepare_public_helmet_multiclip.py","050A67CF4B149B4ADF4636AF1F896CD874665B045636B61089A823799DE34778","14414"
"code/scripts/dataset/prepare_public_helmet_pilot.py","54EA15EF9A86BD6270CCED3CC1519D6370E9A384AF4030DD033F4E6E9A6495B5","8425"
"code/scripts/evaluate.py","24791C8A87FAE7AF686A5D1D4AA702EE15322FDE3C005DFF8816EC49B9946249","2604"
"code/scripts/generate_attacks.py","FC34167E28C540322F61DDE4F20DE2449F7FAFC8ACD57DD34549AEF378C120DB","5262"
"code/scripts/prepare_dataset.py","A0CD3C73B8187C4C57FEEB19B6C558734C7976FEFD6667ACBBF9F1B9A71F8163","1495"
"code/scripts/run_inference.py","A60A62231B094AFF66716E92145EB071B4ADF9658A8E87DA67944B698131D0BA","2710"
"code/scripts/train_yolov8.py","BE8AFA04579D7E58CCE8C782DFDE44E814564F98D710FF253803427EF8080046","1460"
"code/scripts/train/build_adversarial_training_set.py","08FA24460EC332526B2A835A86B6E16282790A5B7F101824CC038464CBBF0899","2943"
"code/scripts/train/train_yolov8.py","5E4C2AF774FC0B8553E5076841BB8B89A15C1A97B90D23B28E3C7FE8F4DF39AB","3765"
"code/scripts/train/validate_yolov8_checkpoint.py","3DD6BCC5A7A0073AE32A90E74B3AA17982DA7932AC586DE363162EB2B56F69C6","2798"
"code/scripts/update_paper_results.py","A5F16DB34A43AE7F6E9B98563A17CE3D98C096E7C238665BE03819FA1AC32B56","9738"
"code/scripts/visualization/build_supplementary_pdf.py","C3C20745FD0F1C02656E579ADB54E3ED69E245D9A986DA5B6C4D29E5C301511D","5102"
"code/scripts/visualization/generate_gradcam.py","BEE1494B3DB723788BF43D15C49A0D9F7D95060D18CEAEA45C7437BEBA2CF2D0","1874"
"code/scripts/visualization/make_attack_gallery.py","18ED9D4FE3818C41E9D0F71A097E2B19411669CF240C5D8B48C1B6448EF09393","2632"
"code/scripts/visualization/make_gradcam_comparison.py","BC1A55097948032ADD9406031CBD0BCE3C020FBE2FE01B7D89E87169B7D73810","1517"
"code/scripts/visualization/make_public_pilot_gallery.py","A2A1A63967CA9DD5738E0F66733680B0209A05EBC733CDE750FBD242EB74072D","2071"
"code/scripts/visualization/plot_robustness.py","44FBE15D3145B47B24C688FE40FE1B176C7EFCF7DD7D2E849D65A3A7838FDE39","7688"
"code/scripts/visualization/plot_temporal_confidence.py","B2D6B4DFEF7C0AADA4F9A8B451D3514627A64BF6506572618C78C30A70812F38","4501"
"code/scripts/visualization/plot_threshold_sensitivity.py","854EC562C77DA1DE173BCE5FDA52C3328AE3BCAAC23F4E95E0818187124D342B","2624"
"code/scripts/visualize_results.py","E596ADFD0123F81D578074FD43D6BFB98F19190842C3E214B821FA0E3BF847EB","1049"
"code/src/advtraffic_tcvm.egg-info/dependency_links.txt","01BA4719C80B6FE911B091A7C05124B64EEECE964E09C058EF8F9805DACA546B","1"
"code/src/advtraffic_tcvm.egg-info/PKG-INFO","2DE106D9045DD219961ADF165B2F9911BEF7CF22EBDBFFB3DEB3E12F12FD8F6D","9369"
"code/src/advtraffic_tcvm.egg-info/requires.txt","7AFEF2B1DB26848D2259C6DABEC288F1BEDDF9A0BF3A6E23534DA94E38DC1727","292"
"code/src/advtraffic_tcvm.egg-info/SOURCES.txt","C03C799B7CD7C9123BB57E5820021BA2F0C24F92D1F897FBC416EA442A069E22","1547"
"code/src/advtraffic_tcvm.egg-info/top_level.txt","0C12B34660F57DF68869B5487A0F16D2AEB9200696DBDF404EF2E41721D1ECAF","11"
"code/src/advtraffic/__init__.py","BDFD023A677F99127BF1C273EE5A2AA75D85BB9BEEF00D19BEDCBF5E85461DA4","128"
"code/src/advtraffic/attacks/__init__.py","B170F805065DDEA06A60C198792A711598DF5A690FA85B9A2CBF89699B268AC6","692"
"code/src/advtraffic/attacks/base.py","E00C0BE0F6C3703B9143F574CDCD8FE440BA5BA41C63113B9FF13DC85F9401FE","501"
"code/src/advtraffic/attacks/digital.py","D2EC75D432494D62596D0162742A0B4B35E7319299479E0E1C3AC0620559FE6B","6382"
"code/src/advtraffic/attacks/patch_optimizer.py","73C8D6080BAB7296EB042D2E73947DA37BB86434CCCC179F94A2EEE63AEB9D62","4628"
"code/src/advtraffic/attacks/physical.py","C303E690A08F91D65B5359328EA9C5D86BBC11E0A0297C0AF76FBFFB9F88B1C0","5844"
"code/src/advtraffic/attacks/toolbox_adapters.py","326F723936C710B1D8DC72D7849EFD2539707879E0DE0782330AE3F327F7169E","4907"
"code/src/advtraffic/config.py","F7990E1DDD12F5A272E26FC15686BB3E496185E804CAB22876B19A806551E350","1338"
"code/src/advtraffic/datasets/__init__.py","57F81EDE2AB988893685322BBE2C36821BBEAB8B7AC22698340AEACEEF08B39F","700"
"code/src/advtraffic/datasets/advtraffic26.py","349900E422B12CBC3525710F4E7AD03F1569816A1CBC27DFCA10365544C7938A","3985"
"code/src/advtraffic/datasets/conversion.py","F40AA53F18E306F7F6D1FB00C3273CA1A7F058DF4CF0989697A83D841BE8B912","13512"
"code/src/advtraffic/defense/__init__.py","8D1F32E8556A52FFF3857839F435D5EB7B57C87448417B90CC828B25B364A0BA","359"
"code/src/advtraffic/defense/image_only.py","738167D6802C2736930AC924386277CFBABCFCF47287521EFC50757A617BC0FD","1350"
"code/src/advtraffic/defense/optical_flow.py","D4478FA8A29C754C8BBAA794282EC2B4F582A3E168B174C540C1EF6EDCE1F1FB","3072"
"code/src/advtraffic/defense/pipeline.py","07B6EAD6D6B5EE37AE704E909F2D4E0961930793B403B53918155E57BF27EF56","984"
"code/src/advtraffic/defense/robust_predictor.py","1DBAD9F4D245C7E95CE44ACCBE7A66E1E71CF17C8D64366EFBE0C8843F7A638A","3847"
"code/src/advtraffic/defense/tcvm_net.py","735227893ECA2ED23F22F2A0F41029B083E5ACA388140BE2FC1DA40B2C8DD784","4651"
"code/src/advtraffic/defense/tcvm.py","E4613DEA89DA10A066FCA7270030B4CF38C6DA713F8106269A6A4159B3602D00","10718"
"code/src/advtraffic/detection/__init__.py","004FF0D8C0AD2A195964EC77341B899853E1A9CE966C54D541301F3461818215","166"
"code/src/advtraffic/detection/features.py","25887B0F2BCABA1408D141F4E5DC595CCAE1EB3B69E4B38EBC3F91F247E42FD2","2608"
"code/src/advtraffic/detection/types.py","FAD37337CA9D25146B7982758AF530E8E09690BF82DF082B526BCDEDA3D6148D","1781"
"code/src/advtraffic/detection/yolo_engine.py","B840654BF8E62E3EC090E4840E1B4E753F70A08E923F7443435D8B1235C4B771","3637"
"code/src/advtraffic/eval/__init__.py","8CB7B695D545CD96EC122C3904277112B2ACA1BF851FF48B8CD0F85A15C238B4","187"
"code/src/advtraffic/eval/evaluator.py","572B6E649697058044F98046A7FA87FF70034DDFF1BFD8CB48F77144B4643C59","1807"
"code/src/advtraffic/eval/map_metrics.py","23D6319C207874A3F5AA51B946B4233E503FCDDD038C75BF156205F7B0086061","2075"
"code/src/advtraffic/eval/metrics.py","F10839A3B722028F95310DC76897CF6660A09C1C2FF0D1DCE609AC756E6CE868","2970"
"code/src/advtraffic/explain/__init__.py","D3929C0E0453CD3E146E823BB59ABDCBC479CF9F2FD7A6B9969E680990E6AFDB","91"
"code/src/advtraffic/explain/gradcam.py","2B66977B386ED54DCBB61E9D7A579A7FB0CC310CB1FE9CCEEE58C7CFF0DC329B","2706"
"code/src/advtraffic/explain/plots.py","831F4E3A6226E20B8F8CBCA1F68DDC0D16C08B77E9676DE4B95EEEE801B27444","1662"
"code/src/advtraffic/tracking/__init__.py","F8B48E36F76B37E6B4324E53A9AEAE631C2E4D76F74CECBDC3AEE3CA193D0889","97"
"code/src/advtraffic/tracking/tracker.py","56D81A35B2A0AEA43416DEC48F4BBDB1C4C49CCE7A34EBCDAF4F9256FCA6F533","2312"
"code/src/advtraffic/utils/__init__.py","A879305109C08A9C83EE8AE771F0DB242690E3B99CD3687DD05816CBD69DFF6A","25"
"code/src/advtraffic/utils/geometry.py","E36491ECB279AD845187A0A8680843E3925F38362BF6B615DDC7F568E9A0FD4D","2342"
"code/src/advtraffic/utils/io.py","E0C19104068AE7C22AF4B056F6D33429F7ABF53D6F73E97B19FFB9C9574DECEB","1233"
"code/src/advtraffic/utils/seed.py","D3B64F2F732DA22E08444AB19B8693ACEE153514573C8BE961FBC6D07705A90A","470"
"code/src/advtraffic/utils/video.py","C747C11D080D70ACBA245D0592534FAE86766D7312AB30B42DBDE5FDF43E9836","2121"
"code/tests/test_digital_attacks.py","3AC413CDE2DC987B4649EE36C6898C81BB483965511507858548D5B51CEC3064","1012"
"code/tests/test_geometry.py","95B0E028D6AF2D037F64F9151B017BA2CF0227BC0CD9F80F232B37459A8C2D6E","505"
"code/tests/test_patch_optimization_split.py","B16AE256A0D3D9CB804389C641EA8A9C722D59D01B1A75AFBA41F4708E102F07","653"
"code/tests/test_public_helmet_multiclip_attacks.py","AC43E64B4040A02C71919A61EDC4ABCD41ABEAA9BE334F26E12D02F6B70F5A37","1075"
"code/tests/test_tcvm_net.py","64B4219D438F6298650D42BC1DD91E9FEA52655111D7367A591D1C03B68E0864","597"
"code/tests/test_tcvm.py","29F2CAEC13935E22224102499565936F752D14843B9C020A72332AF3ED7F39EA","1492"
"code/tests/test_temporal_baseline_analysis.py","AA5FF649D6C0981C56FDF59B48185B39DDA9041D06519321DCEAB008D9333345","1232"
"code/tools/create_beginner_explainer_pdf.py","91C3DD9C69B3AD38E94F190FD38566776AD8EC55B1515BFC1808BE389F40D87D","39693"
"code/tools/graphviz_renderer/package-lock.json","1A95EABF6377AEB8B059A57B542D03A45A789A62BE4DB4BE91DA0CD4EEA6A5AB","6274"
"code/tools/graphviz_renderer/package.json","8A564DC1F81515D574E35E033DA1B8201941DB39518890EAF08E99EDF2DE6CD4","59"
"code/tools/graphviz_renderer/render_graphviz.mjs","32E1B75AF690E161452997EEFA947374D8F54969DED3846D0C6CF47826666700","602"
"manuscript/figures/architecture_graphviz.dot","219FB934593030D5330F616E6FD0E8B2B38DE79F601E698960F0BE48AB8BC1A4","2173"
"manuscript/figures/architecture_graphviz.pdf","31451C6F194EC8C40A0FD91AB77F01A8E2136A6A74EDB437D29EEA71F7DCB826","4217"
"manuscript/figures/architecture_graphviz.png","FE7DFFA42343CA4A98F6CDFC214ED68094134AE2C684F5ECD3F1ADAE998C03EE","311459"
"manuscript/figures/architecture_graphviz.svg","4C9A4108F8C661076FEE7DB12AC3499B464B0A088CDE475399CE7FE7DF44D170","12119"
"manuscript/figures/architecture.mmd","028744BFC5AE3CF877A97CF63AF4DC4F6843B9037F37B9FF164B426800CFBFEB","444"
"manuscript/figures/architecture.tex","632B9FF0ED40308DD186E189D987A7DA0B31B33047395B87904D32E2C60D5706","2321"
"manuscript/figures/defense_positioning.tex","CACF5A50F717ED1C0CAEDC5BE52A86336949EC2C6F3EAA1018AA7BA33F4E9F96","1332"
"manuscript/figures/tcvm_workflow.tex","21707E0ECE5BAD0AE7D23931AA113D816A3683EC3B179B313DC3312CBE22D3E9","1819"
"manuscript/main.bbl","A6E36D37C8BF1A43B8C4C50B4888CCE1E89E3028D7BEA69C083B7A018A95F196","6475"
"manuscript/main.pdf","005582A6C6DD6A85629E347F95B5297C11383122B414F80B28977AB1F79C63E0","1562276"
"manuscript/main.tex","FA7400B83D743B0BE788488619FAD14006B607F7B00F2D43B5C94C36B70B1B5F","29701"
"manuscript/references.bib","48885D14B4CE662933B720C13CD9FE6599547B9ADC90FCFC8B1C1D50F49903A5","8328"
"manuscript/tables/ablation_auto.tex","4CB68B85262C02A0EEC0044DAA690F04DD72A0CF1D0D20FE2B3FF03DB1677F89","740"
"manuscript/tables/adversarial_training_auto.tex","68254198B29F0927059B5A3ACA21850622FDEA3D41FB0F77FD126E899C44047B","854"
"manuscript/tables/attack_ci_auto.tex","A55725C524BD368BA8BE2A6DC5D2D5BF77DD89FF81EB1C94A062C599B1B8B2BC","672"
"manuscript/tables/baseline_models_auto.tex","B3CADD809F93EB918D1A93968D90463B41B86B51CD970B001BE1AA4AC6F94AB7","546"
"manuscript/tables/crossattack_temporal_baselines_frozen_auto.tex","68E668293C04B8AC99E653196DFADBD4B94978A322095683BF8A3A002390B912","699"
"manuscript/tables/edge_auto.tex","4823B87A7443B373903B5D871393FCECFD08B420B12A25BDEC24FC5082E3C520","444"
"manuscript/tables/public_helmet_crossattack_frozen070_auto.tex","A40B94C4D89DB407189F03F1783595B002A5FDA5E9DE89BCD739AD8C838B173B","864"
"manuscript/tables/public_helmet_multiclip_auto.tex","1496E806AAD4A399D9FC1F5EEF080162AB8941C2CDABFE9D41D488AA280BE98D","622"
"manuscript/tables/public_helmet_multiclip20_auto.tex","EB60D5023FBFB4E563A9441418C11BC87D1C58E9B75ACEE6BA33AE629ABEC325","656"
"manuscript/tables/public_helmet_multiclip30_calibrated_auto.tex","51798669075B886313173028B4B03AAF894E9C136D6C7BBC460C951A2912A93C","657"
"manuscript/tables/public_helmet_pilot_auto.tex","55400243FF4C2E72CB04897486631163EB966212E5815F29D2455C5045E784F0","602"
"manuscript/tables/real_video_auto.tex","3CEF88ECC5C75112E54D3C42F14985E4743604FCAD80B61C7C3411C3D273C895","512"
"manuscript/tables/robustness_auto.tex","4EFEC4797DC95C14CEC8BB7FE5AABDA769A83DF61BDB80F7210131649464C2D0","1398"
"manuscript/tables/stress_checks_auto.tex","64733259A3CA5469559036762C4E5D460D8B83F9771BBBBA07D8305C82263765","628"
"manuscript/tables/tcvm_calibration_protocol_public_helmet30_auto.tex","80B3F136DB5DBC50E552EF917805BCA943C810976FB109B783424A651C2DBFE4","455"
"manuscript/tables/tcvm_overhead_profile_public_helmet10_auto.tex","330E637C45648A5DDE7D33516B55582822F22E2A990FF810A2B2181C7A65FF3A","695"
"manuscript/tables/tcvm_repeated_split_sensitivity_20_auto.tex","89EBC0A464639B5F2F747518AE169318AD673A6295316DC1A187BB5132D98B35","521"
"manuscript/tables/tcvm_speed_modes_auto.tex","A1ED6BC9D85139BD963C0384FD0B2F970402EC0C42974B1C357596A67729F65E","659"
"manuscript/tables/tcvm_threshold_sensitivity_public_helmet_multiclip10_auto.tex","B336ADE6FBEFC1F0130BA0A95DC8409D56C87650F06A614EE3EA22E30475F102","734"
"manuscript/tables/tcvm_threshold_sensitivity_public_helmet_multiclip20_auto.tex","3BD6913E18791006841717F1B8559AB62CE2AEE309A6F363D618F1972810B656","1053"
"manuscript/tables/yolov8_patch_public_auto.tex","B7EA30AF2C14F1BAB61E0B353C3DA6923584965537B52222B541F4B8DF3B5B8F","632"
"outputs/figures/attack_gallery.pdf","E4A012910576BA21ACA6085707DFBEE37B0FAD624FAF528B18B51C1CF31F84D3","618175"
"outputs/figures/gradcam_reflective_probe/gradcam_comparison.pdf","4CA3C9AA9DC35F980AE3063AC5E03C89A0BAA53CB4FBAB3C7E65331B52D4D23C","264093"
"outputs/figures/temporal_confidence_reflective_probe.pdf","F3BC8F88C04230462F01DD436E9E485B4689C0D2545891198332CB935E2F68F5","29953"
"README.md","846B68656CE82451512A94F707633360A4BC01F1568930CCD9E4F7FC0E0F1224","1370"
"RECOVERY.md","54932DCCAECC2696670AE33DC1419055012D286B55E2925C54EE3F4840F163DD","4482"
"submission/TCVM-Net_LNCS_CVIP2026_anonymous_source.zip","1BD8E28B9211917DA7C36E6ABABC2AC9CEE9A497154173F0FC763ED58AAA4D3F","2764511"
"supplementary/supplementary_material.pdf","965958B18CC34D536210BB109FBA880301FE7D437CADAF070E919498888D2C36","9719532"
"supplementary/supplementary_material.tex","D738C308CC6D5C8C08ECF2EBB0A3EFFF1607B8AE3BAAF36A0AA94445B351E24B","12272"
"weights/helmet_yolov8n_advtrain_best.pt","F1795072E091DC0A46DC4FA3FC527E5DA6510146A61B24F1331CB18A4EACD878","6249187"
"weights/helmet_yolov8n_best.pt","E43D687D7E1E150ECE418FBCE1AFF39B69DF8782F5967EF1AE05B29AB35E7023","6249827"
"weights/helmet_yolov8s_best.pt","E6DDD5A23E97A169B4A4CF4A06A1F077B8B8F6E0478824A2D4A15324F30C38A5","22519587"
