attack,method,attack_success_rate,robust_accuracy,map50,map50_95,precision,recall
clean,YOLOv8,0.0,1.0,0.6752183295864574,0.47010555814455185,0.6559552273083509,0.6608585858585859
fgsm,YOLOv8,0.012448132780082987,0.9875518672199171,0.6815994318845086,0.4760990543272792,0.5981151979370758,0.662594696969697
fgsm,Image-only defense,0.012448132780082987,0.9875518672199171,0.6884283595683717,0.4786341188757427,0.6267186764953345,0.7403409090909091
pgd,YOLOv8,0.016597510373443983,0.983402489626556,0.6804625308063149,0.46957422290603973,0.6469813884527401,0.6941684981677875
pgd,Image-only defense,0.016597510373443983,0.983402489626556,0.6829122230732717,0.47165341215609013,0.6239342835515268,0.7419191919191919
patch,YOLOv8,0.3900414937759336,0.6099585062240664,0.4065426985336673,0.21933409043103386,0.42183905236498004,0.3816287878787879
patch,Image-only defense,0.3900414937759336,0.6099585062240664,0.43975548830367933,0.24473126854792582,0.48523672903676457,0.4016211931471488
sticker,YOLOv8,0.26141078838174275,0.7385892116182573,0.5052176021151715,0.29454061640791096,0.884015951860505,0.4392361111111111
sticker,Image-only defense,0.26141078838174275,0.7385892116182573,0.5661003148481688,0.3409406790539622,0.5516292042549225,0.5117033294226737
reflective,YOLOv8,0.8630705394190872,0.13692946058091282,0.15152130641670813,0.07597881349434156,0.22181169432260836,0.19460227272727273
reflective,Image-only defense,0.8630705394190872,0.13692946058091282,0.09978084340658609,0.04854538353172524,0.146112506724258,0.12563131313131312
motion_blur,YOLOv8,0.6721991701244814,0.3278008298755186,0.24596185764754308,0.10608261210167501,0.7955889311756978,0.18434343434343434
motion_blur,Image-only defense,0.6721991701244814,0.3278008298755186,0.28256132562165565,0.12507571224956432,0.7914277064631413,0.21594124957634322
occlusion,YOLOv8,0.8008298755186722,0.19917012448132776,0.2163366060160482,0.12468351290297935,0.26433296890788005,0.23721590909090906
occlusion,Image-only defense,0.8008298755186722,0.19917012448132776,0.3209354529011222,0.1942715560560808,0.35297105058854905,0.3266031683873832
low_light,YOLOv8,0.029045643153526972,0.970954356846473,0.6511951224674215,0.4447075563878517,0.6237057196827944,0.5898042929292929
low_light,Image-only defense,0.029045643153526972,0.970954356846473,0.6455248856883918,0.4398991966525457,0.9661961383366496,0.5416752653349094
